Name,ShippingStreet,ShippingCity,ShippingState,ShippingPostalCode,ShippingCountry
Salesforce Bakery,415 Mission Street,San Francisco,California,94105,United States
Wayfare Tavern,201 Pine Street,San Francisco,California,94111,United States
Brenda's French Soul Food,652 Polk Street,San Francisco,California,94102,United States
Little Original Joe's,2301 Chestnut Street,San Francisco,California,94123,United States
Dynamo Donut + Coffee,110 Yacht Road,San Francisco,California,94123,United States
Andytown Coffee Roasters,800 Great Highway,San Francisco,California,94121,United States
Beach Chalet Brewery and Restaurant,1000 Great Highway,San Francisco,California,94121,United States
Dumpling Kitchen,1935 Taraval Street,San Francisco,California,94116,United States
Neighbor's Corner,499 Douglass Street,San Francisco,California,94114,United States
Spike's Coffees and Teas,4117 19th Street,San Francisco,California,94114,United States
Beretta Valencia,1199 Valencia Street,San Francisco,California,94110,United States
Firefly Restaurant,4288 28th Street,San Francisco,California,94114,United States
Old Skool Cafe,1429 Mendell Street,San Francisco,California,94124,United States
City Lunch Restaurant,2101 Ingalls Street,San Francisco,California,94124,United States
North Bay Bagels and Donuts,2040 Ocean Avenue,San Francisco,California,94127,United States
Beep's Burgers,1051 Ocean Avenue,San Francisco,California,94112,United States
Blue House Café,302 Randolph Street,San Francisco,California,94132,United States
Boulevard Cafe,2 Poncetta Drive,Daly City,California,94015,United States
Cafe 86 - Daly City,11 St Francis Square,Daly City,California,94015,United States
Madhouse Coffee,402 Visitacion Avenue,Brisbane,California,94005,United States